pair_address,valuable_token_volume,token_symbol,token_address,underlying_token,website
0x11e82E2997a05c478C3348376FDb493671e2F935,16096865,OSK-DAO,0xc5db5afee4c55dfad5f2b8226c6ac882e6956a0a,USDT,null
0x0536c8b0c3685b6e3C62A7b5c4E8b83f938f12D1,13751281,BabyDoge,0xc748673057861a797275cd8a068abb95a902e8de,WBNB,https://babydogecoin.com/
0x1CEa83EC5E48D9157fCAe27a19807BeF79195Ce1,13070991,ELEPHANT,0xe283d0e3b8c102badf5e8166b73e02d96d92f688,WBNB,https://elephant.money/
0x2B948B5D3EBe9F463B29280FC03eBcB82db1072F,13007911,CCDS,0xbfd48cc239bc7e7cd5ad9f9630319f9b59e0b9e1,USDT,null
0xc736cA3d9b1E90Af4230BD8F9626528B3D4e0Ee0,11574793,BabyDoge,0xc748673057861a797275cd8a068abb95a902e8de,WBNB,https://babydogecoin.com/
0x8FA59693458289914dB0097F5F366d771B7a7C3F,10864679,MBOX,0x3203c9e46ca618c8c1ce5dc67e7e9d75f5da2377,WBNB,http://www.mobox.io/
0xF16b05880130A35a056472F5DDf39BCA31E1895E,9557122,Flare,0x6867d4a17f3ff5602024b7c2a33df2fd9aeafcfe,USDT,null
0xB72723e36a83FB5Fe1793f06b436F4720F5DE4F9,9407241,BNX,0x8c851d1a123ff703bd1f9dabe631b69902df5f97,BUSD,https://www.binaryx.pro/
0xB51f9508B88F0868aE14E74C5D7d1F34E2f419c1,8683865,MOS,0xc9c8050639c4cc0df159e0e47020d6e392191407,USDT,null
0x8e0301E3bDE2397449FeF72703E71284d0d149F1,8357057,SFM,0x42981d0bfbaf196529376ee702f2a9eb9092fcb5,WBNB,https://safemoon.net/
0x7298bD9F23aB20380064ba7b5b343E067d9053BE,8162782,QJ,0x6743665257c429605aa344ed04dff7a183a50296,USDT,null
0x647bc907d520C3f63bE38d01DBd979f5606beC48,8044999,ELEPHANT,0xe283d0e3b8c102badf5e8166b73e02d96d92f688,BUSD,https://elephant.money/
0xe267018C943E77992e7e515724B07b9CE7938124,7410031,HERO,0xd40bedb44c081d2935eeba6ef5a3c8a31a1bbe13,WBNB,https://metahero.io/
0x2139C481d4f31dD03F924B6e87191E15A33Bf8B4,6139367,AFD,0x198271b868dae875bfea6e6e4045cdda5d6b9829,WBNB,null
0x352008bf4319c3B7B8794f1c2115B9Aa18259EBb,5919955,GHNY,0xa045e37a0d1dd3a45fefb8803d22457abc0a728a,WBNB,https://grizzly.fi/en
0x942b294e59a8c47a0F7F20DF105B082710F7C305,5746333,SFP,0xd41fdb03ba84762dd66a0af1a6c8540ff1ba5dfb,WBNB,https://www.safepal.com/
0xcd9D281a588b69EcDFfA411363661954Aa339C7b,5655116,TAU,0x8bf9dc93b6f81a5fc70d0b451596fd2b09fe92c3,USDT,null
0x46492B26639Df0cda9b2769429845cb991591E0A,5602052,BSW,0x965f527d9159dce6288a2219db51fc6eef120dd1,WBNB,https://biswap.org/
0x824eb9faDFb377394430d2744fa7C42916DE3eCe,5033920,LINK,0xf8a0bf9cf54bb92f17374d9e9a321e6a111a51bd,WBNB,https://chain.link/
0xBE46815E0F0123ad626B82A0166eaa32274104f5,4759937,DEBT,0xc632f90affec7121120275610bf17df9963f181c,USDT,null
0x74fA517715C4ec65EF01d55ad5335f90dce7CC87,4045357,SFUND,0x477bc8d23c634c154061869478bce96be6045d12,WBNB,https://seedify.fund/
0x18F9466ECA35A82a78086d79A78cE7ab16f10616,3707343,USDm,0xbb0fa2fbe9b37444f5d1dbd22e0e5bdd2afbbe85,BUSD,https://app.marsecosystem.com/home
0xb5151965b13872B183EBa08e33D0d06743AC8132,3698903,AFD,0x198271b868dae875bfea6e6e4045cdda5d6b9829,BUSD,null
0xc803790dD1a234b326Cd4E593b05337a0c84a05e,3637656,CBET,0xc212d39e35f22f259457be79fc2d822fa7122e6e,WBNB,https://www.cbet.money
0x2407A09D25F8b72c8838A56b4100Ce600fbFA4ed,3601303,ASS,0x7c63f96feafacd84e75a594c00fac3693386fbf0,WBNB,null
0x03F18135c44C64ebFdCBad8297fe5bDafdBbdd86,3562763,XRP,0x1d2f0da169ceb9fc7b3144628db156f3f6c60dbe,WBNB,https://ripple.com/xrp/
0x28415ff2C35b65B9E5c7de82126b4015ab9d031F,3241270,ADA,0x3ee2200efb3400fabb9aacf31297cbdd1d435d47,WBNB,https://cardano.org
0x231d9e7181E8479A8B40930961e93E7ed798542C,3140962,FLOKI,0xfb5b838b6cfeedc2873ab27866079ac55363d37e,WBNB,https://floki.com/
0xD254a3C351DAd83F8B369554B420047A1ED60f1C,3047264,EGC,0xc001bbe2b87079294c63ece98bdd0a88d761434e,WBNB,https://evergrowegc.com/
0x2b30c317ceDFb554Ec525F85E79538D59970BEb0,2976332,BSW,0x965f527d9159dce6288a2219db51fc6eef120dd1,USDT,https://biswap.org/
0xDd5bAd8f8b360d76d12FdA230F8BAF42fe0022CF,2872065,DOT,0x7083609fce4d1d8dc0c979aab8c869ea2c873402,WBNB,https://polkadot.network/
0xf15A72B15fC4CAeD6FaDB1ba7347f6CCD1E0Aede,2850282,TRUNK,0xdd325c38b12903b727d16961e61333f4871a70e0,BUSD,https://elephant.money
0xef282E2654cD984b5Fc1EA008afD580b5cdb8aea,2835491,FA,0x5ad04ad0fdb383fe0e939690d8ce9fcbbe0e3ca8,USDT,null
0xb5D108578Be3750209d1b3A8f45FFee8C5a75146,2764088,TRX,0x85eac5ac2f758618dfa09bdbe0cf174e7d574d5b,BUSD,http://www.tron.network/
0xa0Ee789a8F581CB92dD9742ed0B5d54a0916976C,2698530,APX,0x78f5d389f5cdccfc41594abab4b0ed02f31398b3,BUSD,https://www.apollox.finance/
0x51dCAF423FE39F620A13379Cd26821cF8d433308,2696592,PIG,0x8850d2c68c632e3b258e612abaa8fada7e6958e5,WBNB,https://pigtoken.finance/
0xe7987f07C01B6CA83971E8407D67CAfB3193619c,2616469,YOOSHI,0x02ff5065692783374947393723dba9599e59f591,WBNB,null
0x04a6a9D17Ed7043E672a3f49D5cC43Cb58A0Bf74,2613010,LUCA,0x51e6ac1533032e72e92094867fd5921e3ea1bfa0,BUSD,null
0x2976bD3774622367CE7A575D28201480e640966F,2558273,STRAC,0x9801da0aa142749295692c7cb3241e4ee2b80bda,WETH,null
0xB450CBF17F6723Ef9c1bf3C3f0e0aBA368D09bF5,2523901,PIT,0xa57ac35ce91ee92caefaa8dc04140c8e232c2e50,WBNB,http://pitbull.community/
0xB7E73DaEe6A6Ca37A21f8E4bfba4DA448DFE4d92,2507538,BTT,0x352cb5e19b12fc216548a2677bd0fce83bae434b,BUSD,https://www.bittorrent.com/
0xED2eC734193626282e105A4A44bf39C1F6B44d78,2478735,FGD,0x0566b9a8ffb8908682796751eed00722da967be0,WBNB,null
0x84821bb588f049913Dc579Dc511E5e31EB22d5E4,2388844,EMP,0x3b248cefa87f836a4e6f6d6c9b42991b88dc1d58,WETH,null
0xfC84B031a5221CED00b6470744aF5e5dA5710dDC,2387995,GUARD,0xf606bd19b1e61574ed625d9ea96c841d4e247a32,BUSD,https://guardfdn.com/
0xC70734Ef92893CF7AE131b13874f8C531584fC4E,2385103,SQUA,0xb82beb6ee0063abd5fc8e544c852237aa62cbb14,WBNB,https://squaretoken.org/
0x2E28b9B74D6d99D4697e913b82B41ef1CAC51c6C,2190315,TUSD,0x14016e85a25aeb13065688cafb43044c2ef86784,BUSD,https://trueusd.com/
0x8e744Ec2795c8B836689d1b4EBE1489204357dAC,2151763,RACA,0x12bb890508c125661e03b09ec06e404bc9289040,BUSD,https://www.radiocaca.com/#/home
0x70c26e9805ec5Df3d4aB0b2a3dF86BBA2231B6c1,2104927,HAY,0x0782b6d8c4551b9760e74c0545a9bcd90bdc41e5,BUSD,https://helio.money/
0x8c4b4cd771653b501aB58096749563a8260011Db,2088460,UNIQO,0x0ed82fae72b6833ce9cf1928128fc828f5c59e77,BUSD,null
0xCDA572E13BA703C8B72F0376F777D5Ac0CD403a6,2079741,LIT,0x6625eef2d2e10e913ce6d5ab72ac199851641d1e,USDT,null
0x78B7220f37B8F6e30d03018558B0C8c4430662C7,1972993,10SET,0x1ae369a6ab222aff166325b7b87eb9af06c86e57,WBNB,https://tenset.io/
0x007A5E4e2C6D377852e843a6d624120af450A073,1964187,BGVT,0xa03110800894b3ccf8723d991d80875561f96777,WBNB,http://www.bgverse.io/
0x15D1c7d344E7b0E01A24109b77A616f6D8E9e73C,1944246,BITNEY,0x66e29c9dea509640a006c173632c5d5be6cabc93,USDT,null
0xD3F478F0d5E98b01f757bc6cB54Db4C00b9838f2,1935091,BONFIRE,0x5e90253fbae4dab78aa351f4e6fed08a64ab5590,WBNB,null
0x7752e1FA9F3a2e860856458517008558DEb989e3,1868451,ALPACA,0x8f0528ce5ef7b51152a59745befdd91d97091d2f,BUSD,https://www.alpacafinance.org/
0x2681D05C2dE74a3ddF40E608D063495DB32cfCe4,1858041,QUACK,0xd74b782e05aa25c50e7330af541d46e18f36661c,WBNB,https://richquack.com/
0xA5F2f22d3b4FcCf0fEe429e6a8AcFc376F5AFa22,1853260,NMX,0xd32d01a43c869edcd1117c640fbdcfcfd97d9d65,USDT,https://nominex.io/
0x6C6636eaDA7Cc046C7A83aea0d973810234Ec291,1820731,CATE,0xe4fae3faa8300810c835970b9187c268f55d998f,WBNB,https://catecoin.com/
0x22D954CA5540caB869AdA9bd9d339CDE3a9313b3,1762775,LIBERA,0x3a806a3315e35b3f5f46111adb6e2baf4b14a70d,BUSD,https://libera.financial/
0x7EF0841E1C4854A02ba08A1D9E69F3D1E3533DCc,1687248,FSV,0xe9c7a827a4ba133b338b844c19241c864e95d75f,USDT,null
0x47830B76Ed49041f10B3c983Bc6916688d81C195,1677723,STA,0x4d1e90ab966ae26c778b2f9f365aa40abb13f53c,USDT,https://statoken.io/
0xFb72D7C0f1643c96c197A98E5f36eBcf7597d0E3,1652414,BETH,0x250632378e573c6be1ac2f97fcdf00515d0aa91b,WETH,https://www.binance.com/en/eth2
0xBdBaAA318557bf585b12561b658B26c920F84902,1596725,FUT,0xae21bfe30aff40a66bc9a950d61c1a6b1c82ad2a,USDT,null
0x252C6e5a2b8eCa987b2678618546c388b9b4B933,1585582,CATGIRL,0x79ebc9a2ce02277a4b5b3a768b1c0a4ed75bd936,WBNB,https://www.catgirl.io/
0x5162654dCDa4B6a5a8f03377F82A6b42d9A8Ebb5,1583211,LGT,0x62e8e3036964e9cfa21e970e8257b27f487175d8,USDT,null
0x3DE032D5D11c94d2d79dBa0c34D7851FFAA05DD8,1567495,APC,0x2aa504586d6cab3c59fa629f74c586d78b93a025,USDT,https://www.arenaplaycoin.com/
0x3274c65Bd308f57762f124E410Bd36e6C1D5A8E0,1547483,HWT,0x8266fa3adb0e15c8a3e45c63f7cea051b03a1620,USDT,null
0x79F3bb5534b8f060b37b3e5deA032a39412F6B10,1529347,USDEX,0x829c09fcc46d9fd31967272aba245bef9f727f93,USDC,https://www.dexfinance.com/
0xDd7D785f91BBA104C15080F288Ec02C04817FA66,1489195,PMR,0x1dc5779ed65bcc1f0a42d654444fb0ce59d7783b,WBNB,https://pomerium.space/
0x71b01eBdDD797c8E9E0b003ea2f4FD207fBF46cC,1479740,LTC,0x4338665cbb7b2485a8855a139b75d5e34ab0db94,WBNB,https://litecoin.org/
0xfF3dD404aFbA451328de089424C74685bf0a43C9,1463188,SAFEMOON,0x8076c74c5e3f5852037f31ff0093eeb8c8add8d3,WBNB,https://safemoon.net/
0x2ce4aE0E7D05bc6ec0c22cDf87fF899872c2cF7f,1435287,AFP,0x9a3321e1acd3b9f6debee5e042dd2411a1742002,BUSD,null
0x014608E87AF97a054C9a49f81E1473076D51d9a3,1418814,UNI,0xbf5140a22578168fd562dccf235e5d43a02ce9b1,WBNB,https://uniswap.org/
0x2a024910F046Fb9cf496b425462a680066aB0aB9,1359452,AONC,0x08edbb455f60f57987ccc00543ee4376859c83f1,USDT,null
0xaD1fEdfb04377C4b849CEF6EF9627BCa41955FA0,1331190,TIME,0x26619fa1d4c957c58096bbbeca6588dcfb12e109,USDT,null
0x16Fe21c91c426E603977b1C6EcD59Fc510a518C2,1305312,LINK,0xf8a0bf9cf54bb92f17374d9e9a321e6a111a51bd,WBNB,https://chain.link/
0xc2f1A40D3ba746B913C798057d8010800AAce255,1285812,Gold,0xb3a6381070b1a15169dea646166ec0699fdaea79,BUSD,null
0x9e77c04091bBF0A4b83d006bD09383312A306542,1280465,PGOSK,0x61c9dd1aee9ae6142de78ab3018e3d359bd6d457,USDT,null
0xF37037019aD9B762992CCdcFe4eb5cACd5669735,1261986,HNT,0xac60f566567fbc9c229e10e1fb73e69c8bbfd6e2,USDT,null
0xf5D9b8947b11DdF5eE33374cC2865E775EBE00Dc,1261580,SAFUU,0xe5ba47fd94cb645ba4119222e34fb33f59c7cd90,WBNB,https://safuu.com
0x6b0a3E71b69Ab49DDEa0ed23BEF48f78bF9509aa,1253942,NMS,0x8ac9dc3358a2db19fdd57f433ff45d1fc357afb3,BUSD,https://nemesisdao.finance/
0x66Cd75F1938e4F287f70F49B295207E9363f6a68,1249963,AMT,0x6ae0a238a6f51df8eee084b1756a54dd8a8e85d3,BTCB,null
0xac109C8025F272414fd9e2faA805a583708A017f,1210622,DOGE,0xba2ae424d960c26247dd6c32edc70b295c744c43,WBNB,https://dogecoin.com/
0xA6f0fA070839Cf0c0032Dcd3743c64990c785B1a,1194009,FFF,0x9b1188e01b45a283cde53888ed1558fb6f9ae692,USDT,null
0x153dC2eBcB551799b13D4E6Ff84fC34C7AEDf241,1185905,UNI,0xbf5140a22578168fd562dccf235e5d43a02ce9b1,WBNB,https://uniswap.org/
0x26De6C26DD5560C181011907d8F70C202C2a29D6,1178311,KOGE,0xe6df05ce8c8301223373cf5b969afcb1498c5528,WBNB,https://www.bnb48.club/
0xa0feB3c81A36E885B6608DF7f0ff69dB97491b58,1164754,DRIP,0x20f663cea80face82acdfa3aae6862d246ce0333,BUSD,https://drip.community/
0x68986Cb012DB6022EFBB23322632B38829c8aD07,1164340,JUPITER,0x57ca2436f9f54f4909a521e24768e21e322cae88,USDT,null
0xBB0E8171E3C14D3E56a3C8860a7AA3d3204e5178,1119427,THS,0x5ecd430413488c1fbfefe64f0ef759e4b2fc5f8b,USDT,null
0x3a2AFa6AE6aF7227a377203A5c83dA061F5EEC89,1097005,SYA,0x83a86adf1a7c56e77d36d585b808052e0a2aad0e,WBNB,https://radar.sya.today/
0x8195143df00e94F320F3f60C48D5ED97A6bFAbfc,1083275,PORNROCKET,0xcf9f991b14620f5ad144eec11f9bc7bf08987622,WBNB,https://nsfw.app/
0xC5E1b7E86A63D23a88B85A0FE00772f058a4dCC4,1083154,BabyShibaInu,0xaecf6d1aff214fef70042740054f0f6d0caa98ab,WBNB,https://babyshibatoken.com/
0xa17D2C8B629095672633828d744A03608bBaae24,1080576,KABOSU,0x4a824ee819955a7d769e03fe36f9e0c3bd3aa60b,WBNB,https://kabosutoken.io/
0xfA58f211ac14279bBd2d1468f77Db34cE0bc8D2f,1072546,ETT,0xd3172abc420b002a98cb043db914f100d893e294,USDT,null
0x9117df9aA33B23c0A9C2C913aD0739273c3930b3,1056118,POT,0x3b5e381130673f794a5cf67fbba48688386bea86,USDT,null
0xF3Bc6FC080ffCC30d93dF48BFA2aA14b869554bb,1051227,BELT,0xe0e514c71282b6f4e823703a39374cf58dc3ea4f,WBNB,https://beta.belt.fi/
0x70891F87b6811A1a9acA2483839FBB5a18b2A27c,1045453,MBANK,0x9e9bef94795bfe87a11a0369b4e0c3b60a6fcf2b,USDT,null
0x4eD4BF59b5F71F13706E8aB6A16bB5F7eA549b26,1039942,ROO,0x58957ddfbaaa4b643a7dc3adef6df6e4606fcb9e,USDT,null
0x4F263c2F03d8dcd7Dea928de0224e34cEbD9F03c,1034176,XWIN,0xd88ca08d8eec1e9e09562213ae83a7853ebb5d28,USDT,https://xwin.finance/
0x2D3a6b1621b0ff8d5C8d4345957037Ded9303226,1019248,SAFEMARS,0x3ad9594151886ce8538c1ff615efa2385a8c3a88,WBNB,https://safemarscrypto.com/
0x133ee93FE93320e1182923E1a640912eDE17C90C,1019011,VAI,0x4bd17003473389a42daf6a0a729f6fdb328bbbd7,BUSD,http://venus.io/
0x06Ce8eF153b2A9EB0Fef3AEB3Ce1fcAfA90DF9F3,1018089,"                                                                ",0x91ca579b0d47e5cfd5d0862c21d5659d39c8ecf0,BUSD,https://wormholebridge.com/
0x65D83463fC023bffbd8aC9a1a2E1037F4bbdB399,1009439,DEXShare,0xf4914e6d97a75f014acfcf4072f11be5cffc4ca6,WBNB,https://www.dexfinance.com/
0x3DcB1787a95D2ea0Eb7d00887704EeBF0D79bb13,1003864,TWT,0x4b0f1812e5df2a09796481ff14017e6005508003,WBNB,https://trustwallet.com/
0xa0D6d7eE26215d00291d51510040BEcB9EBB9C4B,1002518,USDC,0xb04906e95ab5d797ada81508115611fee694c2b3,BUSD,https://wormholebridge.com/
0x9af3528989C6b2E2d881996F5FC09d5277cfc373,1000138,USDC,0x672147dd47674757c457eb155baa382cc10705dd,BUSD,https://wormholebridge.com/
0xb4Ec801aED8C92F2E69589518AAa127afb37d8C9,976452,FIST,0xc9882def23bc42d53895b8361d0b1edc7570bc6a,USDT,null
0x69217cF12bD760D6eA850A128646b21F7A61EE07,973985,DAO,0xc096332caacf00319703558988ad03ec6586e704,USDT,null
0xC016F93D1b11878804c345e93C8588794480CD83,958818,RACA,0x12bb890508c125661e03b09ec06e404bc9289040,WBNB,https://www.radiocaca.com/#/home
0xcaf3BA00f81bc325fdbf4f7A2f5dD963082B8b88,954295,KIDS,0x7acf49997e9598843cb9051389fa755969e551bb,WBNB,null
0xd822E1737b1180F72368B2a9EB2de22805B67E34,952385,THOREUM,0xce1b3e5087e8215876af976032382dd338cf8401,WBNB,https://thoreum.capital/
0x38A4bBCcEb4401165415Be948834cc3E59402d55,946457,DAO,0x037b202ca88d2028d82936d5615ee5088cb9fd78,USDT,null
0xFdFde3aF740A22648B9dD66D05698e5095940850,934514,SPS,0x1633b7157e7638c4d6593436111bf125ee74703f,WBNB,null
0x487BfE79C55AC32785c66774b597699E092d0Cd9,928731,VOLT,0x7db5af2b9624e1b3b4bb69d6debd9ad1016a58ac,WBNB,https://voltinu.in/
0xBE80839a3BE4D3953D5588A60a11aEAED286b593,928186,DOBO,0xae2df9f730c54400934c06a17462c41c08a06ed8,WBNB,https://dogebonk.com
0x7E3d628D6014756285dFf1f4c5D54edC76095e42,891305,SBNB,0xe90444c38a8cd2dceee9d954042ac817a794e9a9,WBNB,null
0x53028dE80B359b303178a31741DDf91969BA89eC,884172,PINKSALE,0x602ba546a7b06e0fc7f58fd27eb6996ecc824689,WBNB,null
0xc13aA76AAc067c86aE38028019F414D731b3D86A,883867,IOTX,0x9678e42cebeb63f23197d726b29b1cb20d0064e5,BUSD,https://iotex.io/
0x2E39F393A584Eb3672c3872Ff1C5BAeF886cDef4,881505,DDDS,0xf9f8731bfe1d512889af67006c801d75e9ab2a0b,USDT,null
0xa0F98321F02E90E13d04B08C1B9F3252DDe15Fd3,876851,wALV,0x256d1fce1b1221e8398f65f9b36033ce50b2d497,WBNB,https://www.alveychain.com/
0x2b702b4E676B51f98c6B4aF1b2caFD6A9FC2a3e0,871826,GHNY,0xa045e37a0d1dd3a45fefb8803d22457abc0a728a,BUSD,https://grizzly.fi/en
0xFD94E36C1F84dD91Df47600697484Ba014862c76,871184,SMARS,0xc0366a104b429f0806bfa98d0008daa9555b2bed,WBNB,null
0xB88F211EC9ecfc2931Ae1DE53ea28Da76B9Ed37A,869404,BNBx,0x1bdd3cf7f79cfb8edbb955f20ad99211551ba275,WBNB,https://binance.staderlabs.com/liquid-staking/bnbx
0xE229583D3318D93065e2CD42c482E7CC191A309f,866379,PT,0xe1c9ce5e051d44084c1854f6c0cbdb107564db1a,USDT,null
0xc87678eD091B52e03146D7e75a99222c9319f9E5,866079,MOONTOKEN,0x81e4d494b85a24a58a6ba45c9b418b32a4e039de,WBNB,https://www.moontoken.io/
0x007EC643C7Cc33a70C083fC305c283dd009C8b94,865908,GMT,0x3019bf2a2ef8040c242c9a4c5c4bd4c81678b2a1,USDC,https://www.stepn.com/
0x32222f250C16caBF5f84765955ff504f6174e546,861593,VPC,0x42269ac712372ac89a158ad5a32806c6b6782d66,USDT,null
0xF65C1C0478eFDe3c19b49EcBE7ACc57BB6B1D713,860219,BANANA,0x603c7f932ed1fc6575303d8fb018fdcbb0f39a95,WBNB,https://apeswap.finance/
0x5EFBDb25335f819FA85e62a50fFad49ab3659217,850403,JMPT,0x88d7e9b65dc24cf54f5edef929225fc3e1580c25,BUSD,https://www.jumptask.io/
0xB5EA073c8fa5DC0CBCE0852C79A34F6351f291e8,849978,DaddyDoge,0x7cce94c0b2c8ae7661f02544e62178377fe8cf92,WBNB,https://daddydoge.finance/
0x5dc30Bb8D7F02eFEf28f7E637D17Aea13Fa96906,827207,XRP,0x1d2f0da169ceb9fc7b3144628db156f3f6c60dbe,WBNB,https://ripple.com/xrp/
0x1D51f1f6Da2D274534c93a52303a39C286EC9B8F,825782,DOGE,0x4206931337dc273a630d328da6441786bfad668f,WBNB,null
0xe0625903565bfCDd738b7AB9b156CB14DC9977b3,825268,BFG,0xbb46693ebbea1ac2070e59b4d043b47e2e095f86,USDT,https://betfury.io/
0x072856bC98e65ECaf8cA6412567e894617cC62c2,822252,TITANO,0x4e3cabd3ad77420ff9031d19899594041c420aee,WBNB,https://titano.finance/
0xF1A12EC907B3d87b6De7a9A5C3820566c621f68B,804689,TWT,0x4b0f1812e5df2a09796481ff14017e6005508003,WBNB,https://trustwallet.com/
0xcFc23F5895069bF7b2097bf7426a34bdE07123b7,794487,LBlock,0x2cd96e8c3ff6b5e01169f6e3b61d28204e7810bb,WBNB,https://luckyblock.com/
0x3B09e13Ca9189FBD6a196cfE5FbD477C885afBf3,790538,MATIC,0xcc42724c6683b7e57334c4e856f4c9965ed682bd,WBNB,https://polygon.technology/
0x72121d60b0e2F01c0FB7FE32cA24021b42165A40,788461,GQ,0xf700d4c708c2be1463e355f337603183d20e0808,BUSD,https://outerringmmo.com/
0x00105e37399e3dD45Ca7a434C64e1C02CABC49Ec,785822,MCONTENT,0x799e1cf88a236e42b4a87c544a22a94ae95a6910,WBNB,https://www.mcontent.net/
0x3a6FD74E00A2E52D01113589A35524e3f33719AA,784627,EPMAX,0x66fff5bb007c4885a00fc14bdb1eee389b804ef7,USDT,null
0x521C79bFB7c0f528FBB2366b494f14b60ce055F3,783060,MEER,0xba552586ea573eaa3436f04027ff4effd0c0abbb,USDT,null
0x632963E19c9c420C22c5422a7625E80e454f6f2B,782527,GMEX,0xe9d78bf51ae04c7e1263a76ed89a65537b9ca903,WBNB,null
0x1747AF98EBF0B22d500014c7dd52985d736337d2,774184,ESHARE,0xdb20f6a8665432ce895d724b417f77ecac956550,WBNB,null
0x8860922Eb2795aB0D57363653Dd7EBf18D7c0A42,771897,ADA,0x3ee2200efb3400fabb9aacf31297cbdd1d435d47,WBNB,https://cardano.org
0xb14173e6E9790C346aCfe9BC02b54AA81841427A,764162,GVR,0xafb64e73def6faa8b6ef9a6fb7312d5c4c15ebdb,WBNB,null
0x00222D964a2077301309809Ab3bf56485C126A9C,759810,POSI,0x5ca42204cdaa70d5c773946e69de942b85ca6706,BUSD,https://position.exchange
0x07D01675893986A1341563986bEeBf589fe66DB4,758895,SquidGrow,0x88479186bac914e4313389a64881f5ed0153c765,WBNB,http://squidgrow.wtf/
0x69AFe59e88614501c3fDEb7480f12DBA0A414032,746972,Metis,0xe552fb52a4f19e44ef5a967632dbc320b0820639,WBNB,null
0x7Ba30C5D31aF4e1d14cD2De2A7EBb1A14c00EF7c,746260,STONE,0xc9ef9c76b2df7b544d6c0a4ca0fe92c0ec66c3c5,USDT,null
0x5226a2c7bE3d239636fB144722fd45B99ab80a24,731543,JOJO,0x78a499a998bdd5a84cf8b5abe49100d82de12f1c,WBNB,https://jojo.fun/
0x78A3E54dEA17C04B396AB81F88Db185719a9A9Be,731394,LITE,0x3ef3f6cf9f867a33c4109208a6bd043a9ef0e091,USDT,null
0x469E0D351B868cb397967E57a00dc7DE082542A3,730919,GALEON,0x1d0ac23f03870f768ca005c84cbb6fb82aa884fd,BUSD,https://blockchain.galeon.care/
0xe7fbB8bd95322618e925affd84D7eC0E32DC0e57,724136,DOT,0x7083609fce4d1d8dc0c979aab8c869ea2c873402,WBNB,https://polkadot.network/
0x97781228509977356ac9Bf4abA8D2ebF240A36d1,722228,Soccerinu,0xa2474c63ecf808717e93d4981ca05ec65e67fc29,USDT,null
0x6A78CaEd4C4bf0eE494dD80034935323512e794A,721137,URUS,0xc6dddb5bc6e61e0841c54f3e723ae1f3a807260b,WBNB,https://getaurox.com
0xE050d626694ab217aE1F250A18630162dc0C5434,719676,ZEP,0x2e291e1c9f85a86d0c58ae15621aac005a8b2ead,WBNB,null
0x7DD308207c0e700466CAfda79f0218D898c211F8,717775,BRISE,0x8fff93e810a2edaafc326edee51071da9d398e83,WBNB,https://bitgert.com/
0xfE76f3B2161103A59B92a0f9Ffdae7CadC2a6d8C,716612,WMATIC,0xc836d8dc361e44dbe64c4862d55ba041f88ddd39,BUSD,https://wormholebridge.com/
0xe68D05418A8d7969D9CA6761ad46F449629d928c,685004,WOM,0xad6742a35fb341a9cc6ad674738dd8da98b94fb1,BUSD,https://www.wombat.exchange/
0xf23eBB5F61b3095a5F72635d9EBc96a917A29a5a,682471,CFPlus,0x0614a83d212a7c9fab8c401f131bb9ce59fdbbd9,USDT,null
0x42EBFa37F82eF1819C1718Bf083d3fC45427395a,676755,NSI,0x7efb55d9ac57b23cc6811c9068db3cf83cbdfe39,WBNB,null
0xf5D3cba24783586Db9e7F35188EC0747FfB55F9B,668769,GYMNET,0x0012365f0a1e5f30a5046c680dcb21d07b15fcf7,WBNB,null
0xD28dAE6C3961BC22C399c078CeCC550adDF742CC,662873,DogeKing,0x641ec142e67ab213539815f67e4276975c2f8d50,WBNB,https://dogeking.one/#a1
0xd71710c21FBa293eB12E0CA079Fe37f50AD17d42,662437,KNIGHT,0xd23811058eb6e7967d9a00dc3886e75610c4abba,WBNB,https://knightswap.financial/
0xC78153B15ccc931205C62af311aEBbB9751d354e,657521,MILO,0xd9de2b1973e57dc9dba90c35d6cd940ae4a3cbe1,WBNB,https://milotoken.io/
0xEe87F890A46e90671eCE79b2387A6186dc16C8C4,657383,IBAT,0x19cd9b8e42d4ef62c3ea124110d5cfd283ceac43,WBNB,https://battleinfinity.io/
0x70a0bb3C20109f633bf9cdd33ef9A5350DCA80dC,657367,GFloki,0x53b3338e3345758ae88b930e3d9759a95c5ce05c,WBNB,https://www.genshinfloki.io/
0xC5ec04ddbAd647dDFE9b5Ea9e921D2744cad92E2,652742,HJW,0x6b7b97c52eec761ed569471acecb05447342f7c3,USDT,null
0x207B298f4e08FaCb491f13E8335969E12c912d3e,649037,XRX,0xb25583e5e2db32b7fcbffe3f5e8e305c36157e54,BUSD,https://rex.io/
0x0e2c2f05ee62010afdAC23f11608aD68aD1DDCeC,647964,ECP,0x375483cfa7fc18f6b455e005d835a8335fbdbb1f,WBNB,https://eclipsetoken.org/
0x31358D8E902b0cE00F0EEC16D0a7790a766581e1,645147,DINA,0xa75e17a061ed826c65f138b7a85b44c5d3156aff,USDT,https://dina.finance/
0x7EB5D86FD78f3852a3e0e064f2842d45a3dB6EA2,643783,XVS,0xcf6bb5389c92bdda8a3747ddb454cb7a64626c63,WBNB,http://venus.io/
0x74FCA873170BD31E560Ea90F3561FE2389514e09,643761,TKING,0xb56554296bc11afc98847914254a2beb82ba2bed,USDT,null
0x6637914482670f91F43025802b6755F27050b0a6,642965,SEAMAN,0x6bc9b4976ba6f8c9574326375204ee469993d038,USDT,null
0x38807cbc69234FBd617d1CAD04Ed48AC9c682329,640870,YFNT,0x2bc238ac402d54c18e6542d83d6456777ce0e04a,USDT,null
0x158bEfDE95a3b2B5C915D04B0fBeEfB1A542Ca53,639542,SteamX,0xc0924edefb2c0c303de2d0c21bff07ab763163b5,WBNB,https://steamexchange.ca
0x65F2ee8B6c52a263b39F1FFc8F97D4B38F14E96d,636387,ULX,0xd983ab71a284d6371908420d8ac6407ca943f810,BUSD,https://ultron.foundation/
0xc9cC6515a1df94AAed156F3bD6EFe86a100308fA,635583,BREWLABS,0x6aac56305825f712fd44599e59f2ede51d42c3e7,WBNB,https://brewlabs.info/
0x2c7a7ef1de5d007f16401BBe80b127d9B94b0D9d,634582,TMT,0x4803ac6b79f9582f69c4fa23c72cb76dd1e46d8d,BUSD,http://www.topgoal.io/
0x49EC1bD640b16CC9A50A421e11ee02C99429c028,628480,AMT,0xf625069dce62df95b4910f83446954b871f0fc4f,BUSD,null
0x1150990081aD93689e1C3c9fCFC04092b7C61f11,626459,SHELD,0x443701e39aa092027731eb97c01c5bf8ea8d7b40,USDT,null
0x25b98D16484145deF80045dAfd83042A4a682F21,621647,NfD,0x17932655690e19fa85fdd3f051d795098e69773d,USDT,null
0x639bf1d9F3a683B28369708596aEfe38F2988e9C,616863,QUINT,0x64619f611248256f7f4b72fe83872f89d5d60d64,WBNB,https://quint.io/
0xBCEA09e9e882eC2Bb6dCE07c4e6669968846CaBD,616150,STG,0xb0d502e938ed5f4df2e681fe6e419ff29631d62b,BUSD,https://stargate.finance/
0x5Ccbda28D63197093c968855ea48B32409DA9cA8,614994,HG,0x5ddd28577a7635372517cc52ddacbcd05e48c87f,WBNB,null
0x646Eab21dA671189a1Ec58eFc4b988C8140EE094,613168,MDAO,0x60322971a672b81bcce5947706d22c19daecf6fb,BUSD,https://daomars.com/
0x6d57652bBc3895964f59A5E0E7390e8c6260e426,611911,YESGO,0x70ad603ae3910304098323f903870c080436e8c5,USDT,null
0x412b607f4cBE9CaE77C6F720A701CD60fa0EBD3f,608601,LTC,0x4338665cbb7b2485a8855a139b75d5e34ab0db94,USDT,https://litecoin.org/
0x5C10bd6604a2f77cb9c0b75BBa14A7a11E7d73aC,607642,ASN,0xabe776435f7459e2f5ba773bfb753ed19a053dd0,USDT,null
0xA5CFa05Ab6c5E485C0776f722e7AE565A3CF9CBA,602802,BJS,0x17c8dd4adf020be82d296aacde62c6030cd35c1c,USDT,null
0xE730C7B7470447AD4886c763247012DfD233bAfF,597460,BABY,0x53e562b9b7e5e94b81f10e96ee70ad06df3d2657,USDT,https://babyswap.finance/
0xF26d328178CF6F011A3150dfE0282Ff0f7C33a27,594165,DOD,0xc709878167ed069aea15fd0bd4e9758ceb4da193,WBNB,https://dayofdefeat.app/
0xb55CD13D77df381Ef1c54412fD6435e702eaBe54,581138,CWT,0x4fcfeb5092e333a884051700482d5ab6e77e0e41,USDT,null
0xaB73699C28BE68434052C7dE99C3e24edb769C32,576960,YM,0xa608aed013fdf17931b01cb85decc369883ee36b,USDT,null
0x9e37aaC7c8D3e2fB1d6A061376ff31F5a9D18199,574243,DIAOS,0x2adc3468fc4149932dd16d0244b7228aa8eead5c,USDT,null
0x92247860A03F48d5c6425c7CA35CDcFCB1013AA1,570856,C98,0xaec945e04baf28b135fa7c640f624f8d90f1c3a6,WBNB,https://coin98.com/
0x7411a860350Abb7698FcCd572931CcC1Bf06DBfd,565857,HARE,0x4afc8c2be6a0783ea16e16066fde140d15979296,WBNB,http://haretoken.finance/
0x99b981f5913BC1305550ecAC8985bC0668fA08Ce,565641,TPAD,0xadcfc6bf853a0a8ad7f9ff4244140d10cf01363c,WBNB,https://trustpad.io/
0x254BaA324a7e8876f4d51C3EfF4b962f16672C5F,565254,POSI,0x5ca42204cdaa70d5c773946e69de942b85ca6706,WBNB,https://position.exchange
0xEE90C67C9dD5dE862F4eabFDd53007a2D95Df5c6,564825,BATH,0x0bc89aa98ad94e6798ec822d0814d934ccd0c0ce,BUSD,https://battlehero.io
0x4664dd5347113886E989b2a47a2fc45CCCF495d9,564250,Nusic,0x7e58a5c150b3c9171100fdee0dd22ee666db9545,USDT,null
0x72F1d53B2E4bDE565fE54AF13697857e71193dDf,562376,UNI,0xbf5140a22578168fd562dccf235e5d43a02ce9b1,BUSD,https://uniswap.org/
0xa551BbEb6Cf49Ac1a4DFa556251594877fd6A7C0,560173,PupDoge,0x3220ccbbc29d727bde85b7333d31b21e0d6bc6f4,WBNB,null
0x6045931E511EF7e53A4A817F971e0CA28c758809,553749,CHR,0xf9cec8d50f6c8ad3fb6dccec577e05aa32b224fe,BUSD,null
0xba01662E978DE7d67F8FfC937726215eb8995d17,540933,BSCPAD,0x5a3010d4d8d3b5fb49f8b6e57fb9e48063f16700,WBNB,https://bscpad.com/
0x046A9B3A9b743340eE2Bc4C6dDD35543E237C6c2,536778,CEEK,0xe0f94ac5462997d2bc57287ac3a3ae4c31345d66,WBNB,https://ceek.com/
0xD9096C07182111B0a334538d533353C7B7dAd4Bb,536551,ZAX,0x9a2478c4036548864d96a97fbf93f6a3341fedac,WBNB,http://www.zillionxo.io/
0xcFe704b05f732D1e4AEB720A38596504a072Da88,532444,Old Dog,0x9e134ca8ad8ca16bf8b2a67b9cab1ffb55f99e3f,USDT,null
0x8b1cDD40Cfcbb9866cc77C8BF0fB215C535268A5,532362,WHALE,0x587c16b84c64751760f6e3e7e32f896634704352,USDT,null
0xe7d75E07F3A00b10C390a533C19F5d2D1C9CE313,531028,MSC,0xeacad6c99965cde0f31513dd72de79fa24610767,USDT,null
0x884d426e3ca7C48Eb6cE8fab02f562b10cd7fd8d,529802,TRUBGR,0xc003f5193cabe3a6cbb56948dfeaae2276a6aa5e,WBNB,https://www.trubadger.io/
0x73Eda54A43c6a3d08ee30B089Ef4C1bC3D0d4d9B,528043,COPI,0xfea292e5ea4510881bdb840e3cec63abd43f936f,WBNB,https://www.cornucopias.io/
0x7f1b11a798273dA438b4b132dF1383d8387e73b4,527671,SpacePi,0x69b14e8d3cebfdd8196bfe530954a0c226e5008e,WBNB,https://space-pi.com/
0x437Ae205d008947E9667147C2cF8A782C97E83EF,524975,YOSHI,0x4374f26f0148a6331905edf4cd33b89d8eed78d1,WBNB,https://yoshi.exchange/
0x84773B2b98613c88834B450af42AEC37A232dB4F,523839,WSI,0x837a130aed114300bab4f9f1f4f500682f7efd48,WBNB,https://wesendit.io/
0x6a445cEB72c8B1751755386c3990055ff92e14A0,522424,WIN,0xaef0d72a118ce24fee3cd1d43d383897d05b4e99,BUSD,https://www.wink.org
0xf18e5EC98541D073dAA0864232B9398fa183e0d4,521655,ULME,0xae975a25646e6eb859615d0a147b909c13d31fed,USDT,null
0x1Cba970a6E06d4BcC0c4717BE677d1A8AA0211DA,512571,ETC,0x3d6545b08693dae087e957cb1180ee38b9e3c25e,WBNB,https://ethereumclassic.org/
0xB62BB233Af2F83028Be19626256A9894B68AAe5E,509701,TIFI,0x17e65e6b9b166fb8e7c59432f0db126711246bc0,WBNB,https://tifi.net/
0x684Fd3C5CDFE279C82adc33029B095292d31Ca35,502266,ORN,0xe4ca1f75eca6214393fce1c1b316c237664eaa8e,USDT,https://orionprotocol.io/
0x5a36194587C2B9A9374caCEc56a7B5a286Cd734F,501475,Fair,0x69f42963683ebdf7754677a87614c98568ce4ec0,USDT,null
0x96FeF7F7d5a2302BdD116D47e010689Adc1CBce6,499652,GRV,0xf33893de6eb6ae9a67442e066ae9abd228f5290c,WBNB,https://www.grovetoken.com/
0x062f88E2B4896e823ac78Ac314468c29eEC4186d,497422,DAR,0x23ce9e926048273ef83be0a3a8ba9cb6d45cd978,WBNB,https://www.minesofdalarnia.com
0xA12e1e2E2dea79694448aB9ef63bd4D82a26d90c,495764,KNIGHT,0xd23811058eb6e7967d9a00dc3886e75610c4abba,BUSD,https://knightswap.financial/
0xE9A9653238Ff9E79Cd0C4CE06744ed9C0cb85D68,495554,AIR,0xd8a2ae43fd061d24acd538e3866ffc2c05151b53,WBNB,https://aircoin.cool/
0x1f1F24364fDA48a4e8895225a07f6473b89ac72f,494714,USDD,0xd17479997f34dd9156deef8f95a52d81d265be9c,USDT,https://usdd.io/
0x55e5C2ab8e43109602826B9816172990EFE4F2AD,493184,AFRO,0x2f4e9c97aaffd67d98a640062d90e355b4a1c539,WBNB,https://www.afrostar.io/
0x20E325E9A40d0dac560bF393A0E6b6dc376a911b,491547,$tipsy,0xe097bceb09bfb18047cf259f321cc129b7beba5e,WBNB,https://tipsycoin.io/
0x66c227980A0aa444682f2731cf934e9A1106225f,489539,TCG2,0xf73d8276c15ce56b2f4aee5920e62f767a7f3aea,WBNB,null
0xE27f915A8A9cA6c31B193311AE76B8738b926D17,489215,GRV,0xf33893de6eb6ae9a67442e066ae9abd228f5290c,WBNB,https://www.grovetoken.com/
0x5585dda2A7b0d0E4301a4C0e9514dDD9fEd29059,484016,W3C,0x2fa6ee42bacf983f050210a1ca42f88686327fc9,USDT,null
0x8E04b3972b5C25766c681dFD30a8A1cBf6dcc8c1,482607,RFOX,0x0a3a21356793b49154fd3bbe91cbc2a16c0457f5,WBNB,https://redfoxlabs.io/
0xc87D1a3Cb88821b09b1a5057E79Ce807B2De04F2,480628,kUSD,0xd819d96f9d28ea85c1dd78e66d7241134e8d4ab4,USDT,null
0xbe6A4f74fdDc88853612C50D7404E059b37692D8,478620,GAL,0xe4cc45bb5dbda06db6183e8bf016569f40497aa5,WBNB,https://galxe.com/
0xA11265A58d9f5a2991fe8476a9aFea07031aC5bF,478249,POLS,0x7e624fa0e1c4abfd309cc15719b7e2580887f570,WBNB,https://polkastarter.com
0x9FcaD883BCcD36af4C50Bf0f2D0980B3501E1006,478102,MiniFootball,0xd024ac1195762f6f13f8cfdf3cdd2c97b33b248b,WBNB,https://minifootballtoken.com/
0xC4757940a57c30A6a78993e245C3eF0Fc5D30a11,476675,FTC,0x764d18a798bb90d677306384215a6a7f462542ff,WBNB,null
0xb33797e8351F818e5ae225dC7334Dbf158126964,475956,UVT,0x196eb1d21c05cc265ea0a1479e924e7983467838,USDT,https://www.uvtoken.com/
0x004A9CE83614551271BcBd48E5fA3B8648Dbe312,475404,USDD,0xd17479997f34dd9156deef8f95a52d81d265be9c,BUSD,https://usdd.io/
0x7963ae03E86190ed1e6C985536699Ef0df6CC9A0,475381,zksync,0xd27aaeead8fde08ba292c1e08f53a14c00e7f7c8,USDT,null
0xE691b7326a75D73704dd03989205108015888Aa1,474831,VSL,0x78b2425fc305c0266143eaa527b01b043af83fb8,WBNB,null
0xd659c4D774B63C58ee8e86348F2188f53Bba9d27,473441,SPE,0xdbaaa36b347d56b77ce0e36f050fceebbf9fbc38,WBNB,https://www.saveplanetearth.io/
0xEDF4Cc0a7A7133Fd0cAf3568a197B0F04B938c0F,471676,HAPPY,0xb0b924c4a31b7d4581a7f78f57cee1e65736be1d,WBNB,https://www.thehappycoin.co/
0xE481C79e9938c6ef20E836446cE753c4FA75B985,469700,LCR,0x988f7c894e4001eeb7b570cde80dffe21cf7b6b9,WBNB,https://evergrowegc.com/
0xDe7d084b38eEAFcbe73F567BE067B5F9CdC2Ab7C,468745,GFT,0xdec8fe638e9f43f5a907f8f5b700c2a04b89bd46,USDT,null
0x13cAe0eA840F938cdD5DEFa82b5f96734efc8686,464275,EDOGE,0x163f182c32d24a09d91eb75820cde9fd5832b329,WBNB,https://elondoge.io/
0xCA0D13a8A591eDe1001233aa60D5ab38165cdc17,460424,MOONSTAR,0xce5814efff15d53efd8025b9f2006d4d7d640b9b,WBNB,https://moonstartoken.com/
0x79BCAda5fe6E528a98b49cf38acE983DdE3644CE,459226,DBZ,0x7a983559e130723b70e45bd637773dbdfd3f71db,WBNB,https://dbzcoin.com/
0x44bb33e6994651Fb9c4b6002a784036fAa40f73F,456220,LIBERO,0x0dfcb45eae071b3b846e220560bbcdd958414d78,WBNB,https://libero.financial/
0x472e71c0e729cBe32B883502F833e6e8F2Cd78d2,455970,STRX,0xd6fdde76b8c1c45b33790cc8751d5b88984c44ec,WBNB,https://strikex.com/
0x475A390CE8e2cC4A7c80fFA2AEA7d3C07FC959D4,453294,BNQ,0x5c530131700b8dd88e4faefea616d04f6f13fc96,USDT,null
0x3C7e7122f4DDcfC5b5c31b5c735Ce2Ae3b015856,451382,ALU,0x8263cd1601fe73c066bf49cc09841f35348e3be0,WBNB,https://www.alturanft.com/
0x1eF315fa08e0E1B116D97E3dFE0aF292Ed8b7f02,449867,DOGE,0xba2ae424d960c26247dd6c32edc70b295c744c43,WBNB,https://dogecoin.com/
0xB592BfF35a34EFe9C02Fe917c43F7adD9d48A957,448637,MDB,0x0557a288a93ed0df218785f2787dac1cd077f8f3,WBNB,null
0x30bd8cB52a5BE2ebfbb45F722cc9C39C526e07f1,448569,Life,0xefa42568a6cb3e0e5bc6476ee57aa21b5e18a277,USDT,null
0x2B99219cDedC387FFA93ddc732DcB572509A06F8,447586,TTC,0x6a684b3578f5b07c0aa02fafc33ed248ae0c2db2,WBNB,https://techtrees.com/
